
[
    {
        "date":"31",
        "tithi":"વદ છઠ"
    },
    {
        "date":"",
        "tithi":""
    },
    {
        "date":"",
        "tithi":""
    },
    {
        "date":"",
        "tithi":""
    },
    {
        "date":"",
        "tithi":""
    },
    {
        "date":"1",
        "tithi":"મહા વદ છઠ"
    },
    {
        "date":"2",
        "tithi":"વદ છઠ"
    },
    {
        "date":"3",
        "tithi":"વદ "
    },
    {
        "date":"4",
        "tithi":"abc3"
    },
    {
        "date":"5",
        "tithi":"abc3"
    },
    {
        "date":"6",
        "tithi":"abc3"
    },
    {
        "date":"7",
        "tithi":"abc3"
    },
    {
        "date":"8",
        "tithi":"abc3"
    },
    {
        "date":"9",
        "tithi":"abc3"
    },
    {
        "date":"10",
        "tithi":"abc3"
    },
    {
        "date":"11",
        "tithi":"abc"
    },
    {
        "date":"12",
        "tithi":"abc1"
    },
    {
        "date":"13",
        "tithi":"abc2"
    },
    {
        "date":"14",
        "tithi":"abc3"
    },
    {
        "date":"15",
        "tithi":"abc3",
        "image":"./calender.png"
    },
    {
        "date":"16",
        "tithi":"abc3"
    },
    {
        "date":"17",
        "tithi":"abc3"
    },
    {
        "date":"18",
        "tithi":"abc"
    },
    {
        "date":"19",
        "tithi":"abc1"
    },
    {
        "date":"20",
        "tithi":"abc2"
    },
    {
        "date":"21",
        "tithi":"abc3"
    },
    {
        "date":"22",
        "tithi":"abc3"
    },
    {
        "date":"23",
        "tithi":"abc3"
    },
    {
        "date":"24",
        "tithi":"abc3"
    },
    {
        "date":"25",
        "tithi":"abc3"
    },
    {
        "date":"26",
        "tithi":"abc3"
    },
    {
        "date":"27",
        "tithi":"abc3"
    },
    {
        "date":"28",
        "tithi":"abc"
    },
    {
        "date":"29",
        "tithi":"abc1"
    },
    {
        "date":"30",
        "tithi":"abc2"
    }
]
